{"database/man/\u77ed\u53d1/1.jpg": [[-1.5565701384363397, -1.3551277530025652], [-1.509304486883443, -0.961692621196028], [-1.4471641583930859, -0.5580503885385645], [-1.3325264862826867, -0.15120241915997598], [-1.1700590466387804, 0.23376950915134992], [-0.9142658599711264, 0.5624484664339572], [-0.6129766938132324, 0.8567104937551082], [-0.2834000131458265, 1.093807601369683], [0.07620807938680653, 1.1436633242492107], [0.43522628123188745, 1.0509016932060742], [0.7090741068511855, 0.7793618809231019], [0.9657134674897555, 0.4850740788950094], [1.1628541203784823, 0.1499578734632114], [1.2879551766231718, -0.22365294732902513], [1.3558913131612853, -0.6255512826307736], [1.4089527727619378, -1.0376567187834487], [1.4243915656800095, -1.442760790806322]], "database/man/\u77ed\u53d1/10.jpg": [[-1.626687293018066, -1.3243472426469938], [-1.5605860058732444, -0.917097929455593], [-1.4568618832702025, -0.49221610511526415], [-1.3540808859313065, -0.10448555360108255], [-1.1955729793531895, 0.28183031001688075], [-0.9465447038700685, 0.5729101784091123], [-0.6617798434570186, 0.8073200122979776], [-0.30412712528789254, 0.9841166864193308], [0.06880029086979768, 1.0304123430170962], [0.4384267686029785, 0.9466785447233464], [0.7494969613045018, 0.7529056158473735], [1.0024824316064407, 0.4676691928022507], [1.1802222309919397, 0.14716774745927197], [1.301291995874072, -0.2090702828136357], [1.384738925297985, -0.5829408242354714], [1.467714292089825, -0.9753870020703808], [1.5130668234234446, -1.3854656910542182]], "database/man/\u77ed\u53d1/11.jpg": [[-1.5208451830299963, -1.4072326000042341], [-1.4747422018120908, -1.001163257299826], [-1.4112706812935114, -0.563063003283727], [-1.3320543218480527, -0.1417900551103706], [-1.1724900673944023, 0.24420458100370743], [-0.916833079005681, 0.5780935992157648], [-0.61340034037839, 0.8777867722844064], [-0.27956039081320266, 1.1112531888979418], [0.08035690202643005, 1.1482042699778845], [0.4201994882757324, 1.0716940778220825], [0.7215163617181681, 0.817119556349224], [0.9718100841744458, 0.49902444571091614], [1.1727043560183597, 0.16626696306159158], [1.2900033321064936, -0.22892864183731956], [1.341616785197453, -0.6382453852893161], [1.3601168600608593, -1.0627657342102608], [1.3628720959973861, -1.4704587772884632]], "database/man/\u77ed\u53d1/12.jpg": [[-1.5635991567584804, -1.3309227714824328], [-1.505815380171386, -0.926902488289061], [-1.399677583992173, -0.5220796151514019], [-1.276886721319395, -0.14922522509372577], [-1.121859845585205, 0.22416422492680874], [-0.9015583537839025, 0.5502697752809415], [-0.6487533189397584, 0.8607923790672265], [-0.34652414457777875, 1.1076455466749744], [0.02311988570274678, 1.178270762370671], [0.39543921579756447, 1.0877159127593055], [0.6903788730160016, 0.8024073348723199], [0.937767100586608, 0.4679421474489279], [1.137336368527954, 0.10043835701983607], [1.2885516168771818, -0.2678680233535435], [1.3916803756157197, -0.6530950002019168], [1.4467226447435688, -1.055242573525284], [1.4536784242607281, -1.4743107433236449]], "database/man/\u77ed\u53d1/2.jpg": [[-1.53608158668942, -1.204577523879244], [-1.4823090631532838, -0.8473199351455925], [-1.375457872293944, -0.48751249147772036], [-1.2686066814346042, -0.1277050478098483], [-1.125519760715055, 0.21610941003976944], [-0.9285042210275624, 0.5447808337158729], [-0.7120958889428548, 0.8389164308212473], [-0.42236614549298857, 1.0833731671823785], [-0.06935831498303731, 1.1180650891849153], [0.2895991770400947, 1.0289067874333102], [0.6562062338658877, 0.7805124837120937], [0.9731344299474375, 0.4587967686257189], [1.2369839587057834, 0.1345311986051237], [1.3972260077519423, -0.2479127486071159], [1.4707035145489085, -0.6699922322585251], [1.4557165758072022, -1.096321474133635], [1.4407296370654956, -1.5226507160087446]], "database/man/\u77ed\u53d1/3.jpg": [[-1.5476263848794944, -1.2484102549868568], [-1.4904887876285455, -0.8553904338468287], [-1.3796301597097334, -0.4709335853530655], [-1.2659683205180143, -0.10344934332428789], [-1.1127548458505108, 0.2356961083203324], [-0.883241311504345, 0.5351365856616234], [-0.6339519594202869, 0.8204076678108355], [-0.37625297351750836, 1.0547609305650913], [-0.07074605714776963, 1.1052187334774137], [0.2855253397893809, 1.0594473201456367], [0.6189110300606429, 0.8355402083452845], [0.9153949573014823, 0.5183604304012844], [1.1665674876931789, 0.158825805708593], [1.355456014770747, -0.24586687700569654], [1.428339507866324, -0.6871546450953191], [1.4842503944969152, -1.1312456244578486], [1.5062160681975354, -1.5809430263661914]], "database/man/\u77ed\u53d1/4.jpg": [[-1.5582993999804384, -1.2893773293711936], [-1.5143125845479721, -0.8966657385752302], [-1.434556799327079, -0.5047012246559975], [-1.337290067650338, -0.13099473406934384], [-1.186743419729322, 0.22370665630800024], [-0.9654059091081838, 0.5411449231434559], [-0.6732775357869228, 0.8213200664370229], [-0.36475883132491016, 1.0295837317153709], [0.029820451662880453, 1.0750193407539717], [0.4039004806878997, 0.9956370939714438], [0.757107717311782, 0.7735525064735747], [1.0376563990437144, 0.499308618046527], [1.2455465258836973, 0.17290542869030093], [1.3446355896049378, -0.22279446961258598], [1.3900711986435386, -0.6173737526003766], [1.4172487843495603, -1.0294639820440152], [1.4086574002671552, -1.4408071346109228]], "database/man/\u77ed\u53d1/5.jpg": [[-1.5542192783826063, -1.4185623443288187], [-1.4730419216966901, -0.9858241371194737], [-1.3929219341225736, -0.5720385522816392], [-1.2938493241769464, -0.15931033655560434], [-1.1389762162285868, 0.2312931494635222], [-0.9104073570177837, 0.5797619142924303], [-0.6460479912875581, 0.8882106961547187], [-0.31010761251848756, 1.1166195120837676], [0.07317431135892082, 1.1712826193338233], [0.44905465145373397, 1.0932773699833054], [0.7385508109445118, 0.829975373364879], [0.9669596268735606, 0.49403499459580846], [1.1753584513192996, 0.14019936256702661], [1.2679268033123767, -0.24519729953398042], [1.3025799190791225, -0.6463744766711002], [1.3561856572173792, -1.0486090229200191], [1.389781403872326, -1.4687388224286493]], "database/man/\u77ed\u53d1/6.jpg": [[-1.5460722815335086, -1.3366782282569831], [-1.5076598429244916, -0.9243692813310406], [-1.4324281334156768, -0.49587323263954564], [-1.3589744508543389, -0.10330744137410978], [-1.1965841382015918, 0.26684815380960347], [-0.9470352224049124, 0.578663295485535], [-0.6462579608903598, 0.8339160106011618], [-0.31221748237096364, 1.0334953126302229], [0.04975213231084436, 1.0696104292945399], [0.4243527948632506, 0.9970457602069409], [0.7020157060605999, 0.7852051287837978], [0.9572684211762269, 0.4844278672692451], [1.1748128519183174, 0.14949837527611046], [1.3178297273870738, -0.23577044896115876], [1.4060622032430024, -0.6363373614902418], [1.4583644216728722, -1.0351262470718476], [1.456771253963653, -1.431248092232238]], "database/man/\u77ed\u53d1/7.jpg": [[-1.5536696460884176, -1.418340996167681], [-1.5361598451157121, -0.9948518970158681], [-1.452947303171701, -0.5626702241980659], [-1.3531171835670333, -0.15503113303558824], [-1.1875843229910599, 0.26130053179287843], [-0.9104584904591448, 0.5921169456633703], [-0.5834799249452595, 0.8493056145678887], [-0.23988378177071748, 1.0819517018170828], [0.11713500673846858, 1.162612227465675], [0.4630338589269743, 1.0746696138530087], [0.7281475318261602, 0.7888512076551044], [0.9402135394173635, 0.4492175664778962], [1.1316994673505765, 0.11354642729802172], [1.2535201523151496, -0.2513973652058323], [1.3507982556243985, -0.632958735370343], [1.4108787016150002, -0.9860150218821955], [1.421873984294953, -1.3723064637153612]],